,Compound,Date,Negative,Nuetral,Postitive,Target,Tweet Ago
0,-0.6249,Mon Mar 26 19:03:02 +0000 2018,0.194,0.806,0.0,@BBC,0
1,0.7783,Mon Mar 26 18:24:04 +0000 2018,0.0,0.688,0.312,@BBC,1
2,0.0,Mon Mar 26 17:30:04 +0000 2018,0.0,1.0,0.0,@BBC,2
3,0.5859,Mon Mar 26 16:25:02 +0000 2018,0.0,0.787,0.213,@BBC,3
4,-0.3818,Mon Mar 26 15:45:04 +0000 2018,0.161,0.744,0.095,@BBC,4
5,0.0,Mon Mar 26 15:11:57 +0000 2018,0.0,1.0,0.0,@BBC,5
6,0.0,Mon Mar 26 12:58:02 +0000 2018,0.0,1.0,0.0,@BBC,6
7,0.4404,Mon Mar 26 11:48:03 +0000 2018,0.0,0.828,0.172,@BBC,7
8,-0.5106,Mon Mar 26 11:00:05 +0000 2018,0.163,0.837,0.0,@BBC,8
9,-0.128,Mon Mar 26 10:00:07 +0000 2018,0.07,0.93,0.0,@BBC,9
10,0.4588,Mon Mar 26 09:35:06 +0000 2018,0.0,0.864,0.136,@BBC,10
11,0.3182,Mon Mar 26 09:33:01 +0000 2018,0.0,0.753,0.247,@BBC,11
12,0.0,Mon Mar 26 09:04:01 +0000 2018,0.0,1.0,0.0,@BBC,12
13,0.5819,Mon Mar 26 08:29:04 +0000 2018,0.0,0.818,0.182,@BBC,13
14,0.2263,Mon Mar 26 07:30:10 +0000 2018,0.09,0.749,0.161,@BBC,14
15,0.128,Sun Mar 25 19:44:01 +0000 2018,0.077,0.821,0.101,@BBC,15
16,-0.7506,Sun Mar 25 19:15:06 +0000 2018,0.286,0.714,0.0,@BBC,16
17,0.5719,Sun Mar 25 18:40:04 +0000 2018,0.0,0.837,0.163,@BBC,17
18,0.0,Sun Mar 25 18:13:03 +0000 2018,0.0,1.0,0.0,@BBC,18
19,0.5267,Sun Mar 25 17:30:07 +0000 2018,0.0,0.815,0.185,@BBC,19
20,-0.6249,Mon Mar 26 19:03:02 +0000 2018,0.194,0.806,0.0,@BBC,20
21,0.7783,Mon Mar 26 18:24:04 +0000 2018,0.0,0.688,0.312,@BBC,21
22,0.0,Mon Mar 26 17:30:04 +0000 2018,0.0,1.0,0.0,@BBC,22
23,0.5859,Mon Mar 26 16:25:02 +0000 2018,0.0,0.787,0.213,@BBC,23
24,-0.3818,Mon Mar 26 15:45:04 +0000 2018,0.161,0.744,0.095,@BBC,24
25,0.0,Mon Mar 26 15:11:57 +0000 2018,0.0,1.0,0.0,@BBC,25
26,0.0,Mon Mar 26 12:58:02 +0000 2018,0.0,1.0,0.0,@BBC,26
27,0.4404,Mon Mar 26 11:48:03 +0000 2018,0.0,0.828,0.172,@BBC,27
28,-0.5106,Mon Mar 26 11:00:05 +0000 2018,0.163,0.837,0.0,@BBC,28
29,-0.128,Mon Mar 26 10:00:07 +0000 2018,0.07,0.93,0.0,@BBC,29
30,0.4588,Mon Mar 26 09:35:06 +0000 2018,0.0,0.864,0.136,@BBC,30
31,0.3182,Mon Mar 26 09:33:01 +0000 2018,0.0,0.753,0.247,@BBC,31
32,0.0,Mon Mar 26 09:04:01 +0000 2018,0.0,1.0,0.0,@BBC,32
33,0.5819,Mon Mar 26 08:29:04 +0000 2018,0.0,0.818,0.182,@BBC,33
34,0.2263,Mon Mar 26 07:30:10 +0000 2018,0.09,0.749,0.161,@BBC,34
35,0.128,Sun Mar 25 19:44:01 +0000 2018,0.077,0.821,0.101,@BBC,35
36,-0.7506,Sun Mar 25 19:15:06 +0000 2018,0.286,0.714,0.0,@BBC,36
37,0.5719,Sun Mar 25 18:40:04 +0000 2018,0.0,0.837,0.163,@BBC,37
38,0.0,Sun Mar 25 18:13:03 +0000 2018,0.0,1.0,0.0,@BBC,38
39,0.5267,Sun Mar 25 17:30:07 +0000 2018,0.0,0.815,0.185,@BBC,39
40,-0.6249,Mon Mar 26 19:03:02 +0000 2018,0.194,0.806,0.0,@BBC,40
41,0.7783,Mon Mar 26 18:24:04 +0000 2018,0.0,0.688,0.312,@BBC,41
42,0.0,Mon Mar 26 17:30:04 +0000 2018,0.0,1.0,0.0,@BBC,42
43,0.5859,Mon Mar 26 16:25:02 +0000 2018,0.0,0.787,0.213,@BBC,43
44,-0.3818,Mon Mar 26 15:45:04 +0000 2018,0.161,0.744,0.095,@BBC,44
45,0.0,Mon Mar 26 15:11:57 +0000 2018,0.0,1.0,0.0,@BBC,45
46,0.0,Mon Mar 26 12:58:02 +0000 2018,0.0,1.0,0.0,@BBC,46
47,0.4404,Mon Mar 26 11:48:03 +0000 2018,0.0,0.828,0.172,@BBC,47
48,-0.5106,Mon Mar 26 11:00:05 +0000 2018,0.163,0.837,0.0,@BBC,48
49,-0.128,Mon Mar 26 10:00:07 +0000 2018,0.07,0.93,0.0,@BBC,49
50,0.4588,Mon Mar 26 09:35:06 +0000 2018,0.0,0.864,0.136,@BBC,50
51,0.3182,Mon Mar 26 09:33:01 +0000 2018,0.0,0.753,0.247,@BBC,51
52,0.0,Mon Mar 26 09:04:01 +0000 2018,0.0,1.0,0.0,@BBC,52
53,0.5819,Mon Mar 26 08:29:04 +0000 2018,0.0,0.818,0.182,@BBC,53
54,0.2263,Mon Mar 26 07:30:10 +0000 2018,0.09,0.749,0.161,@BBC,54
55,0.128,Sun Mar 25 19:44:01 +0000 2018,0.077,0.821,0.101,@BBC,55
56,-0.7506,Sun Mar 25 19:15:06 +0000 2018,0.286,0.714,0.0,@BBC,56
57,0.5719,Sun Mar 25 18:40:04 +0000 2018,0.0,0.837,0.163,@BBC,57
58,0.0,Sun Mar 25 18:13:03 +0000 2018,0.0,1.0,0.0,@BBC,58
59,0.5267,Sun Mar 25 17:30:07 +0000 2018,0.0,0.815,0.185,@BBC,59
60,-0.6249,Mon Mar 26 19:03:02 +0000 2018,0.194,0.806,0.0,@BBC,60
61,0.7783,Mon Mar 26 18:24:04 +0000 2018,0.0,0.688,0.312,@BBC,61
62,0.0,Mon Mar 26 17:30:04 +0000 2018,0.0,1.0,0.0,@BBC,62
63,0.5859,Mon Mar 26 16:25:02 +0000 2018,0.0,0.787,0.213,@BBC,63
64,-0.3818,Mon Mar 26 15:45:04 +0000 2018,0.161,0.744,0.095,@BBC,64
65,0.0,Mon Mar 26 15:11:57 +0000 2018,0.0,1.0,0.0,@BBC,65
66,0.0,Mon Mar 26 12:58:02 +0000 2018,0.0,1.0,0.0,@BBC,66
67,0.4404,Mon Mar 26 11:48:03 +0000 2018,0.0,0.828,0.172,@BBC,67
68,-0.5106,Mon Mar 26 11:00:05 +0000 2018,0.163,0.837,0.0,@BBC,68
69,-0.128,Mon Mar 26 10:00:07 +0000 2018,0.07,0.93,0.0,@BBC,69
70,0.4588,Mon Mar 26 09:35:06 +0000 2018,0.0,0.864,0.136,@BBC,70
71,0.3182,Mon Mar 26 09:33:01 +0000 2018,0.0,0.753,0.247,@BBC,71
72,0.0,Mon Mar 26 09:04:01 +0000 2018,0.0,1.0,0.0,@BBC,72
73,0.5819,Mon Mar 26 08:29:04 +0000 2018,0.0,0.818,0.182,@BBC,73
74,0.2263,Mon Mar 26 07:30:10 +0000 2018,0.09,0.749,0.161,@BBC,74
75,0.128,Sun Mar 25 19:44:01 +0000 2018,0.077,0.821,0.101,@BBC,75
76,-0.7506,Sun Mar 25 19:15:06 +0000 2018,0.286,0.714,0.0,@BBC,76
77,0.5719,Sun Mar 25 18:40:04 +0000 2018,0.0,0.837,0.163,@BBC,77
78,0.0,Sun Mar 25 18:13:03 +0000 2018,0.0,1.0,0.0,@BBC,78
79,0.5267,Sun Mar 25 17:30:07 +0000 2018,0.0,0.815,0.185,@BBC,79
80,-0.6249,Mon Mar 26 19:03:02 +0000 2018,0.194,0.806,0.0,@BBC,80
81,0.7783,Mon Mar 26 18:24:04 +0000 2018,0.0,0.688,0.312,@BBC,81
82,0.0,Mon Mar 26 17:30:04 +0000 2018,0.0,1.0,0.0,@BBC,82
83,0.5859,Mon Mar 26 16:25:02 +0000 2018,0.0,0.787,0.213,@BBC,83
84,-0.3818,Mon Mar 26 15:45:04 +0000 2018,0.161,0.744,0.095,@BBC,84
85,0.0,Mon Mar 26 15:11:57 +0000 2018,0.0,1.0,0.0,@BBC,85
86,0.0,Mon Mar 26 12:58:02 +0000 2018,0.0,1.0,0.0,@BBC,86
87,0.4404,Mon Mar 26 11:48:03 +0000 2018,0.0,0.828,0.172,@BBC,87
88,-0.5106,Mon Mar 26 11:00:05 +0000 2018,0.163,0.837,0.0,@BBC,88
89,-0.128,Mon Mar 26 10:00:07 +0000 2018,0.07,0.93,0.0,@BBC,89
90,0.4588,Mon Mar 26 09:35:06 +0000 2018,0.0,0.864,0.136,@BBC,90
91,0.3182,Mon Mar 26 09:33:01 +0000 2018,0.0,0.753,0.247,@BBC,91
92,0.0,Mon Mar 26 09:04:01 +0000 2018,0.0,1.0,0.0,@BBC,92
93,0.5819,Mon Mar 26 08:29:04 +0000 2018,0.0,0.818,0.182,@BBC,93
94,0.2263,Mon Mar 26 07:30:10 +0000 2018,0.09,0.749,0.161,@BBC,94
95,0.128,Sun Mar 25 19:44:01 +0000 2018,0.077,0.821,0.101,@BBC,95
96,-0.7506,Sun Mar 25 19:15:06 +0000 2018,0.286,0.714,0.0,@BBC,96
97,0.5719,Sun Mar 25 18:40:04 +0000 2018,0.0,0.837,0.163,@BBC,97
98,0.0,Sun Mar 25 18:13:03 +0000 2018,0.0,1.0,0.0,@BBC,98
99,0.5267,Sun Mar 25 17:30:07 +0000 2018,0.0,0.815,0.185,@BBC,99
100,0.508,Mon Mar 26 22:14:25 +0000 2018,0.0,0.88,0.12,@CBS,0
101,0.0,Mon Mar 26 20:42:48 +0000 2018,0.0,1.0,0.0,@CBS,1
102,0.7959,Mon Mar 26 16:59:19 +0000 2018,0.0,0.786,0.214,@CBS,2
103,0.807,Mon Mar 26 16:05:18 +0000 2018,0.0,0.622,0.378,@CBS,3
104,0.0,Sun Mar 25 23:57:34 +0000 2018,0.0,1.0,0.0,@CBS,4
105,0.5319,Sun Mar 25 17:15:25 +0000 2018,0.062,0.78,0.157,@CBS,5
106,0.5399,Sat Mar 24 22:46:53 +0000 2018,0.0,0.801,0.199,@CBS,6
107,-0.34,Sat Mar 24 22:46:43 +0000 2018,0.185,0.7,0.115,@CBS,7
108,0.7003,Sat Mar 24 22:25:03 +0000 2018,0.0,0.791,0.209,@CBS,8
109,0.0,Sat Mar 24 22:21:37 +0000 2018,0.0,1.0,0.0,@CBS,9
110,0.0,Sat Mar 24 22:21:34 +0000 2018,0.0,1.0,0.0,@CBS,10
111,0.7184,Sat Mar 24 22:21:26 +0000 2018,0.0,0.667,0.333,@CBS,11
112,0.9451,Sat Mar 24 22:21:23 +0000 2018,0.0,0.58,0.42,@CBS,12
113,0.0,Sat Mar 24 20:00:02 +0000 2018,0.0,1.0,0.0,@CBS,13
114,0.6996,Fri Mar 23 22:33:52 +0000 2018,0.0,0.806,0.194,@CBS,14
115,0.4939,Fri Mar 23 22:33:04 +0000 2018,0.0,0.686,0.314,@CBS,15
116,0.8997,Fri Mar 23 22:32:48 +0000 2018,0.0,0.645,0.355,@CBS,16
117,0.0,Thu Mar 22 22:10:29 +0000 2018,0.0,1.0,0.0,@CBS,17
118,0.7081,Thu Mar 22 20:52:02 +0000 2018,0.066,0.623,0.311,@CBS,18
119,0.636,Thu Mar 22 00:23:38 +0000 2018,0.0,0.802,0.198,@CBS,19
120,0.508,Mon Mar 26 22:14:25 +0000 2018,0.0,0.88,0.12,@CBS,20
121,0.0,Mon Mar 26 20:42:48 +0000 2018,0.0,1.0,0.0,@CBS,21
122,0.7959,Mon Mar 26 16:59:19 +0000 2018,0.0,0.786,0.214,@CBS,22
123,0.807,Mon Mar 26 16:05:18 +0000 2018,0.0,0.622,0.378,@CBS,23
124,0.0,Sun Mar 25 23:57:34 +0000 2018,0.0,1.0,0.0,@CBS,24
125,0.5319,Sun Mar 25 17:15:25 +0000 2018,0.062,0.78,0.157,@CBS,25
126,0.5399,Sat Mar 24 22:46:53 +0000 2018,0.0,0.801,0.199,@CBS,26
127,-0.34,Sat Mar 24 22:46:43 +0000 2018,0.185,0.7,0.115,@CBS,27
128,0.7003,Sat Mar 24 22:25:03 +0000 2018,0.0,0.791,0.209,@CBS,28
129,0.0,Sat Mar 24 22:21:37 +0000 2018,0.0,1.0,0.0,@CBS,29
130,0.0,Sat Mar 24 22:21:34 +0000 2018,0.0,1.0,0.0,@CBS,30
131,0.7184,Sat Mar 24 22:21:26 +0000 2018,0.0,0.667,0.333,@CBS,31
132,0.9451,Sat Mar 24 22:21:23 +0000 2018,0.0,0.58,0.42,@CBS,32
133,0.0,Sat Mar 24 20:00:02 +0000 2018,0.0,1.0,0.0,@CBS,33
134,0.6996,Fri Mar 23 22:33:52 +0000 2018,0.0,0.806,0.194,@CBS,34
135,0.4939,Fri Mar 23 22:33:04 +0000 2018,0.0,0.686,0.314,@CBS,35
136,0.8997,Fri Mar 23 22:32:48 +0000 2018,0.0,0.645,0.355,@CBS,36
137,0.0,Thu Mar 22 22:10:29 +0000 2018,0.0,1.0,0.0,@CBS,37
138,0.7081,Thu Mar 22 20:52:02 +0000 2018,0.066,0.623,0.311,@CBS,38
139,0.636,Thu Mar 22 00:23:38 +0000 2018,0.0,0.802,0.198,@CBS,39
140,0.508,Mon Mar 26 22:14:25 +0000 2018,0.0,0.88,0.12,@CBS,40
141,0.0,Mon Mar 26 20:42:48 +0000 2018,0.0,1.0,0.0,@CBS,41
142,0.7959,Mon Mar 26 16:59:19 +0000 2018,0.0,0.786,0.214,@CBS,42
143,0.807,Mon Mar 26 16:05:18 +0000 2018,0.0,0.622,0.378,@CBS,43
144,0.0,Sun Mar 25 23:57:34 +0000 2018,0.0,1.0,0.0,@CBS,44
145,0.5319,Sun Mar 25 17:15:25 +0000 2018,0.062,0.78,0.157,@CBS,45
146,0.5399,Sat Mar 24 22:46:53 +0000 2018,0.0,0.801,0.199,@CBS,46
147,-0.34,Sat Mar 24 22:46:43 +0000 2018,0.185,0.7,0.115,@CBS,47
148,0.7003,Sat Mar 24 22:25:03 +0000 2018,0.0,0.791,0.209,@CBS,48
149,0.0,Sat Mar 24 22:21:37 +0000 2018,0.0,1.0,0.0,@CBS,49
150,0.0,Sat Mar 24 22:21:34 +0000 2018,0.0,1.0,0.0,@CBS,50
151,0.7184,Sat Mar 24 22:21:26 +0000 2018,0.0,0.667,0.333,@CBS,51
152,0.9451,Sat Mar 24 22:21:23 +0000 2018,0.0,0.58,0.42,@CBS,52
153,0.0,Sat Mar 24 20:00:02 +0000 2018,0.0,1.0,0.0,@CBS,53
154,0.6996,Fri Mar 23 22:33:52 +0000 2018,0.0,0.806,0.194,@CBS,54
155,0.4939,Fri Mar 23 22:33:04 +0000 2018,0.0,0.686,0.314,@CBS,55
156,0.8997,Fri Mar 23 22:32:48 +0000 2018,0.0,0.645,0.355,@CBS,56
157,0.0,Thu Mar 22 22:10:29 +0000 2018,0.0,1.0,0.0,@CBS,57
158,0.7081,Thu Mar 22 20:52:02 +0000 2018,0.066,0.623,0.311,@CBS,58
159,0.636,Thu Mar 22 00:23:38 +0000 2018,0.0,0.802,0.198,@CBS,59
160,0.508,Mon Mar 26 22:14:25 +0000 2018,0.0,0.88,0.12,@CBS,60
161,0.0,Mon Mar 26 20:42:48 +0000 2018,0.0,1.0,0.0,@CBS,61
162,0.7959,Mon Mar 26 16:59:19 +0000 2018,0.0,0.786,0.214,@CBS,62
163,0.807,Mon Mar 26 16:05:18 +0000 2018,0.0,0.622,0.378,@CBS,63
164,0.0,Sun Mar 25 23:57:34 +0000 2018,0.0,1.0,0.0,@CBS,64
165,0.5319,Sun Mar 25 17:15:25 +0000 2018,0.062,0.78,0.157,@CBS,65
166,0.5399,Sat Mar 24 22:46:53 +0000 2018,0.0,0.801,0.199,@CBS,66
167,-0.34,Sat Mar 24 22:46:43 +0000 2018,0.185,0.7,0.115,@CBS,67
168,0.7003,Sat Mar 24 22:25:03 +0000 2018,0.0,0.791,0.209,@CBS,68
169,0.0,Sat Mar 24 22:21:37 +0000 2018,0.0,1.0,0.0,@CBS,69
170,0.0,Sat Mar 24 22:21:34 +0000 2018,0.0,1.0,0.0,@CBS,70
171,0.7184,Sat Mar 24 22:21:26 +0000 2018,0.0,0.667,0.333,@CBS,71
172,0.9451,Sat Mar 24 22:21:23 +0000 2018,0.0,0.58,0.42,@CBS,72
173,0.0,Sat Mar 24 20:00:02 +0000 2018,0.0,1.0,0.0,@CBS,73
174,0.6996,Fri Mar 23 22:33:52 +0000 2018,0.0,0.806,0.194,@CBS,74
175,0.4939,Fri Mar 23 22:33:04 +0000 2018,0.0,0.686,0.314,@CBS,75
176,0.8997,Fri Mar 23 22:32:48 +0000 2018,0.0,0.645,0.355,@CBS,76
177,0.0,Thu Mar 22 22:10:29 +0000 2018,0.0,1.0,0.0,@CBS,77
178,0.7081,Thu Mar 22 20:52:02 +0000 2018,0.066,0.623,0.311,@CBS,78
179,0.636,Thu Mar 22 00:23:38 +0000 2018,0.0,0.802,0.198,@CBS,79
180,0.508,Mon Mar 26 22:14:25 +0000 2018,0.0,0.88,0.12,@CBS,80
181,0.0,Mon Mar 26 20:42:48 +0000 2018,0.0,1.0,0.0,@CBS,81
182,0.7959,Mon Mar 26 16:59:19 +0000 2018,0.0,0.786,0.214,@CBS,82
183,0.807,Mon Mar 26 16:05:18 +0000 2018,0.0,0.622,0.378,@CBS,83
184,0.0,Sun Mar 25 23:57:34 +0000 2018,0.0,1.0,0.0,@CBS,84
185,0.5319,Sun Mar 25 17:15:25 +0000 2018,0.062,0.78,0.157,@CBS,85
186,0.5399,Sat Mar 24 22:46:53 +0000 2018,0.0,0.801,0.199,@CBS,86
187,-0.34,Sat Mar 24 22:46:43 +0000 2018,0.185,0.7,0.115,@CBS,87
188,0.7003,Sat Mar 24 22:25:03 +0000 2018,0.0,0.791,0.209,@CBS,88
189,0.0,Sat Mar 24 22:21:37 +0000 2018,0.0,1.0,0.0,@CBS,89
190,0.0,Sat Mar 24 22:21:34 +0000 2018,0.0,1.0,0.0,@CBS,90
191,0.7184,Sat Mar 24 22:21:26 +0000 2018,0.0,0.667,0.333,@CBS,91
192,0.9451,Sat Mar 24 22:21:23 +0000 2018,0.0,0.58,0.42,@CBS,92
193,0.0,Sat Mar 24 20:00:02 +0000 2018,0.0,1.0,0.0,@CBS,93
194,0.6996,Fri Mar 23 22:33:52 +0000 2018,0.0,0.806,0.194,@CBS,94
195,0.4939,Fri Mar 23 22:33:04 +0000 2018,0.0,0.686,0.314,@CBS,95
196,0.8997,Fri Mar 23 22:32:48 +0000 2018,0.0,0.645,0.355,@CBS,96
197,0.0,Thu Mar 22 22:10:29 +0000 2018,0.0,1.0,0.0,@CBS,97
198,0.7081,Thu Mar 22 20:52:02 +0000 2018,0.066,0.623,0.311,@CBS,98
199,0.636,Thu Mar 22 00:23:38 +0000 2018,0.0,0.802,0.198,@CBS,99
200,-0.8658,Mon Mar 26 23:45:04 +0000 2018,0.447,0.553,0.0,@CNN,0
201,-0.5859,Mon Mar 26 23:38:28 +0000 2018,0.202,0.798,0.0,@CNN,1
202,0.0,Mon Mar 26 23:30:14 +0000 2018,0.0,1.0,0.0,@CNN,2
203,0.0,Mon Mar 26 23:15:03 +0000 2018,0.0,1.0,0.0,@CNN,3
204,0.0,Mon Mar 26 23:10:09 +0000 2018,0.0,1.0,0.0,@CNN,4
205,0.2263,Mon Mar 26 23:05:01 +0000 2018,0.0,0.888,0.112,@CNN,5
206,-0.9062,Mon Mar 26 23:00:28 +0000 2018,0.617,0.383,0.0,@CNN,6
207,0.0,Mon Mar 26 22:55:04 +0000 2018,0.0,1.0,0.0,@CNN,7
208,0.0,Mon Mar 26 22:45:07 +0000 2018,0.0,1.0,0.0,@CNN,8
209,0.4767,Mon Mar 26 22:41:27 +0000 2018,0.0,0.866,0.134,@CNN,9
210,0.4939,Mon Mar 26 22:40:57 +0000 2018,0.0,0.789,0.211,@CNN,10
211,0.0,Mon Mar 26 22:32:24 +0000 2018,0.0,1.0,0.0,@CNN,11
212,0.5994,Mon Mar 26 22:31:16 +0000 2018,0.0,0.811,0.189,@CNN,12
213,-0.296,Mon Mar 26 22:30:12 +0000 2018,0.155,0.845,0.0,@CNN,13
214,-0.2617,Mon Mar 26 22:22:31 +0000 2018,0.102,0.898,0.0,@CNN,14
215,0.0,Mon Mar 26 22:15:06 +0000 2018,0.0,1.0,0.0,@CNN,15
216,-0.3612,Mon Mar 26 22:14:02 +0000 2018,0.135,0.865,0.0,@CNN,16
217,-0.4215,Mon Mar 26 22:11:05 +0000 2018,0.203,0.797,0.0,@CNN,17
218,-0.2263,Mon Mar 26 22:05:42 +0000 2018,0.192,0.808,0.0,@CNN,18
219,-0.3612,Mon Mar 26 22:04:14 +0000 2018,0.116,0.884,0.0,@CNN,19
220,-0.8658,Mon Mar 26 23:45:04 +0000 2018,0.447,0.553,0.0,@CNN,20
221,-0.5859,Mon Mar 26 23:38:28 +0000 2018,0.202,0.798,0.0,@CNN,21
222,0.0,Mon Mar 26 23:30:14 +0000 2018,0.0,1.0,0.0,@CNN,22
223,0.0,Mon Mar 26 23:15:03 +0000 2018,0.0,1.0,0.0,@CNN,23
224,0.0,Mon Mar 26 23:10:09 +0000 2018,0.0,1.0,0.0,@CNN,24
225,0.2263,Mon Mar 26 23:05:01 +0000 2018,0.0,0.888,0.112,@CNN,25
226,-0.9062,Mon Mar 26 23:00:28 +0000 2018,0.617,0.383,0.0,@CNN,26
227,0.0,Mon Mar 26 22:55:04 +0000 2018,0.0,1.0,0.0,@CNN,27
228,0.0,Mon Mar 26 22:45:07 +0000 2018,0.0,1.0,0.0,@CNN,28
229,0.4767,Mon Mar 26 22:41:27 +0000 2018,0.0,0.866,0.134,@CNN,29
230,0.4939,Mon Mar 26 22:40:57 +0000 2018,0.0,0.789,0.211,@CNN,30
231,0.0,Mon Mar 26 22:32:24 +0000 2018,0.0,1.0,0.0,@CNN,31
232,0.5994,Mon Mar 26 22:31:16 +0000 2018,0.0,0.811,0.189,@CNN,32
233,-0.296,Mon Mar 26 22:30:12 +0000 2018,0.155,0.845,0.0,@CNN,33
234,-0.2617,Mon Mar 26 22:22:31 +0000 2018,0.102,0.898,0.0,@CNN,34
235,0.0,Mon Mar 26 22:15:06 +0000 2018,0.0,1.0,0.0,@CNN,35
236,-0.3612,Mon Mar 26 22:14:02 +0000 2018,0.135,0.865,0.0,@CNN,36
237,-0.4215,Mon Mar 26 22:11:05 +0000 2018,0.203,0.797,0.0,@CNN,37
238,-0.2263,Mon Mar 26 22:05:42 +0000 2018,0.192,0.808,0.0,@CNN,38
239,-0.3612,Mon Mar 26 22:04:14 +0000 2018,0.116,0.884,0.0,@CNN,39
240,-0.8658,Mon Mar 26 23:45:04 +0000 2018,0.447,0.553,0.0,@CNN,40
241,-0.5859,Mon Mar 26 23:38:28 +0000 2018,0.202,0.798,0.0,@CNN,41
242,0.0,Mon Mar 26 23:30:14 +0000 2018,0.0,1.0,0.0,@CNN,42
243,0.0,Mon Mar 26 23:15:03 +0000 2018,0.0,1.0,0.0,@CNN,43
244,0.0,Mon Mar 26 23:10:09 +0000 2018,0.0,1.0,0.0,@CNN,44
245,0.2263,Mon Mar 26 23:05:01 +0000 2018,0.0,0.888,0.112,@CNN,45
246,-0.9062,Mon Mar 26 23:00:28 +0000 2018,0.617,0.383,0.0,@CNN,46
247,0.0,Mon Mar 26 22:55:04 +0000 2018,0.0,1.0,0.0,@CNN,47
248,0.0,Mon Mar 26 22:45:07 +0000 2018,0.0,1.0,0.0,@CNN,48
249,0.4767,Mon Mar 26 22:41:27 +0000 2018,0.0,0.866,0.134,@CNN,49
250,0.4939,Mon Mar 26 22:40:57 +0000 2018,0.0,0.789,0.211,@CNN,50
251,0.0,Mon Mar 26 22:32:24 +0000 2018,0.0,1.0,0.0,@CNN,51
252,0.5994,Mon Mar 26 22:31:16 +0000 2018,0.0,0.811,0.189,@CNN,52
253,-0.296,Mon Mar 26 22:30:12 +0000 2018,0.155,0.845,0.0,@CNN,53
254,-0.2617,Mon Mar 26 22:22:31 +0000 2018,0.102,0.898,0.0,@CNN,54
255,0.0,Mon Mar 26 22:15:06 +0000 2018,0.0,1.0,0.0,@CNN,55
256,-0.3612,Mon Mar 26 22:14:02 +0000 2018,0.135,0.865,0.0,@CNN,56
257,-0.4215,Mon Mar 26 22:11:05 +0000 2018,0.203,0.797,0.0,@CNN,57
258,-0.2263,Mon Mar 26 22:05:42 +0000 2018,0.192,0.808,0.0,@CNN,58
259,-0.3612,Mon Mar 26 22:04:14 +0000 2018,0.116,0.884,0.0,@CNN,59
260,-0.8658,Mon Mar 26 23:45:04 +0000 2018,0.447,0.553,0.0,@CNN,60
261,-0.5859,Mon Mar 26 23:38:28 +0000 2018,0.202,0.798,0.0,@CNN,61
262,0.0,Mon Mar 26 23:30:14 +0000 2018,0.0,1.0,0.0,@CNN,62
263,0.0,Mon Mar 26 23:15:03 +0000 2018,0.0,1.0,0.0,@CNN,63
264,0.0,Mon Mar 26 23:10:09 +0000 2018,0.0,1.0,0.0,@CNN,64
265,0.2263,Mon Mar 26 23:05:01 +0000 2018,0.0,0.888,0.112,@CNN,65
266,-0.9062,Mon Mar 26 23:00:28 +0000 2018,0.617,0.383,0.0,@CNN,66
267,0.0,Mon Mar 26 22:55:04 +0000 2018,0.0,1.0,0.0,@CNN,67
268,0.0,Mon Mar 26 22:45:07 +0000 2018,0.0,1.0,0.0,@CNN,68
269,0.4767,Mon Mar 26 22:41:27 +0000 2018,0.0,0.866,0.134,@CNN,69
270,0.4939,Mon Mar 26 22:40:57 +0000 2018,0.0,0.789,0.211,@CNN,70
271,0.0,Mon Mar 26 22:32:24 +0000 2018,0.0,1.0,0.0,@CNN,71
272,0.5994,Mon Mar 26 22:31:16 +0000 2018,0.0,0.811,0.189,@CNN,72
273,-0.296,Mon Mar 26 22:30:12 +0000 2018,0.155,0.845,0.0,@CNN,73
274,-0.2617,Mon Mar 26 22:22:31 +0000 2018,0.102,0.898,0.0,@CNN,74
275,0.0,Mon Mar 26 22:15:06 +0000 2018,0.0,1.0,0.0,@CNN,75
276,-0.3612,Mon Mar 26 22:14:02 +0000 2018,0.135,0.865,0.0,@CNN,76
277,-0.4215,Mon Mar 26 22:11:05 +0000 2018,0.203,0.797,0.0,@CNN,77
278,-0.2263,Mon Mar 26 22:05:42 +0000 2018,0.192,0.808,0.0,@CNN,78
279,-0.3612,Mon Mar 26 22:04:14 +0000 2018,0.116,0.884,0.0,@CNN,79
280,-0.8658,Mon Mar 26 23:45:04 +0000 2018,0.447,0.553,0.0,@CNN,80
281,-0.5859,Mon Mar 26 23:38:28 +0000 2018,0.202,0.798,0.0,@CNN,81
282,0.0,Mon Mar 26 23:30:14 +0000 2018,0.0,1.0,0.0,@CNN,82
283,0.0,Mon Mar 26 23:15:03 +0000 2018,0.0,1.0,0.0,@CNN,83
284,0.0,Mon Mar 26 23:10:09 +0000 2018,0.0,1.0,0.0,@CNN,84
285,0.2263,Mon Mar 26 23:05:01 +0000 2018,0.0,0.888,0.112,@CNN,85
286,-0.9062,Mon Mar 26 23:00:28 +0000 2018,0.617,0.383,0.0,@CNN,86
287,0.0,Mon Mar 26 22:55:04 +0000 2018,0.0,1.0,0.0,@CNN,87
288,0.0,Mon Mar 26 22:45:07 +0000 2018,0.0,1.0,0.0,@CNN,88
289,0.4767,Mon Mar 26 22:41:27 +0000 2018,0.0,0.866,0.134,@CNN,89
290,0.4939,Mon Mar 26 22:40:57 +0000 2018,0.0,0.789,0.211,@CNN,90
291,0.0,Mon Mar 26 22:32:24 +0000 2018,0.0,1.0,0.0,@CNN,91
292,0.5994,Mon Mar 26 22:31:16 +0000 2018,0.0,0.811,0.189,@CNN,92
293,-0.296,Mon Mar 26 22:30:12 +0000 2018,0.155,0.845,0.0,@CNN,93
294,-0.2617,Mon Mar 26 22:22:31 +0000 2018,0.102,0.898,0.0,@CNN,94
295,0.0,Mon Mar 26 22:15:06 +0000 2018,0.0,1.0,0.0,@CNN,95
296,-0.3612,Mon Mar 26 22:14:02 +0000 2018,0.135,0.865,0.0,@CNN,96
297,-0.4215,Mon Mar 26 22:11:05 +0000 2018,0.203,0.797,0.0,@CNN,97
298,-0.2263,Mon Mar 26 22:05:42 +0000 2018,0.192,0.808,0.0,@CNN,98
299,-0.3612,Mon Mar 26 22:04:14 +0000 2018,0.116,0.884,0.0,@CNN,99
300,0.2023,Mon Mar 26 23:47:52 +0000 2018,0.0,0.904,0.096,@FoxNews,0
301,-0.4019,Mon Mar 26 23:41:55 +0000 2018,0.119,0.881,0.0,@FoxNews,1
302,-0.5267,Mon Mar 26 23:24:30 +0000 2018,0.206,0.794,0.0,@FoxNews,2
303,-0.3182,Mon Mar 26 23:17:19 +0000 2018,0.179,0.699,0.122,@FoxNews,3
304,-0.6486,Mon Mar 26 23:09:14 +0000 2018,0.281,0.719,0.0,@FoxNews,4
305,-0.3612,Mon Mar 26 22:56:05 +0000 2018,0.161,0.839,0.0,@FoxNews,5
306,0.3818,Mon Mar 26 22:50:01 +0000 2018,0.0,0.843,0.157,@FoxNews,6
307,0.4939,Mon Mar 26 22:42:00 +0000 2018,0.0,0.849,0.151,@FoxNews,7
308,-0.4767,Mon Mar 26 22:34:00 +0000 2018,0.237,0.763,0.0,@FoxNews,8
309,0.0,Mon Mar 26 22:26:04 +0000 2018,0.0,1.0,0.0,@FoxNews,9
310,-0.4019,Mon Mar 26 22:11:00 +0000 2018,0.195,0.703,0.103,@FoxNews,10
311,-0.5267,Mon Mar 26 22:02:00 +0000 2018,0.195,0.805,0.0,@FoxNews,11
312,0.771,Mon Mar 26 22:00:01 +0000 2018,0.0,0.642,0.358,@FoxNews,12
313,-0.8442,Mon Mar 26 21:55:00 +0000 2018,0.406,0.531,0.063,@FoxNews,13
314,0.0,Mon Mar 26 21:53:20 +0000 2018,0.0,1.0,0.0,@FoxNews,14
315,0.4323,Mon Mar 26 21:52:45 +0000 2018,0.113,0.651,0.237,@FoxNews,15
316,-0.3818,Mon Mar 26 21:44:29 +0000 2018,0.14,0.86,0.0,@FoxNews,16
317,-0.6808,Mon Mar 26 21:31:45 +0000 2018,0.237,0.763,0.0,@FoxNews,17
318,-0.4939,Mon Mar 26 21:26:51 +0000 2018,0.198,0.802,0.0,@FoxNews,18
319,0.0,Mon Mar 26 21:18:00 +0000 2018,0.0,1.0,0.0,@FoxNews,19
320,0.2023,Mon Mar 26 23:47:52 +0000 2018,0.0,0.904,0.096,@FoxNews,20
321,-0.4019,Mon Mar 26 23:41:55 +0000 2018,0.119,0.881,0.0,@FoxNews,21
322,-0.5267,Mon Mar 26 23:24:30 +0000 2018,0.206,0.794,0.0,@FoxNews,22
323,-0.3182,Mon Mar 26 23:17:19 +0000 2018,0.179,0.699,0.122,@FoxNews,23
324,-0.6486,Mon Mar 26 23:09:14 +0000 2018,0.281,0.719,0.0,@FoxNews,24
325,-0.3612,Mon Mar 26 22:56:05 +0000 2018,0.161,0.839,0.0,@FoxNews,25
326,0.3818,Mon Mar 26 22:50:01 +0000 2018,0.0,0.843,0.157,@FoxNews,26
327,0.4939,Mon Mar 26 22:42:00 +0000 2018,0.0,0.849,0.151,@FoxNews,27
328,-0.4767,Mon Mar 26 22:34:00 +0000 2018,0.237,0.763,0.0,@FoxNews,28
329,0.0,Mon Mar 26 22:26:04 +0000 2018,0.0,1.0,0.0,@FoxNews,29
330,-0.4019,Mon Mar 26 22:11:00 +0000 2018,0.195,0.703,0.103,@FoxNews,30
331,-0.5267,Mon Mar 26 22:02:00 +0000 2018,0.195,0.805,0.0,@FoxNews,31
332,0.771,Mon Mar 26 22:00:01 +0000 2018,0.0,0.642,0.358,@FoxNews,32
333,-0.8442,Mon Mar 26 21:55:00 +0000 2018,0.406,0.531,0.063,@FoxNews,33
334,0.0,Mon Mar 26 21:53:20 +0000 2018,0.0,1.0,0.0,@FoxNews,34
335,0.4323,Mon Mar 26 21:52:45 +0000 2018,0.113,0.651,0.237,@FoxNews,35
336,-0.3818,Mon Mar 26 21:44:29 +0000 2018,0.14,0.86,0.0,@FoxNews,36
337,-0.6808,Mon Mar 26 21:31:45 +0000 2018,0.237,0.763,0.0,@FoxNews,37
338,-0.4939,Mon Mar 26 21:26:51 +0000 2018,0.198,0.802,0.0,@FoxNews,38
339,0.0,Mon Mar 26 21:18:00 +0000 2018,0.0,1.0,0.0,@FoxNews,39
340,0.2023,Mon Mar 26 23:47:52 +0000 2018,0.0,0.904,0.096,@FoxNews,40
341,-0.4019,Mon Mar 26 23:41:55 +0000 2018,0.119,0.881,0.0,@FoxNews,41
342,-0.5267,Mon Mar 26 23:24:30 +0000 2018,0.206,0.794,0.0,@FoxNews,42
343,-0.3182,Mon Mar 26 23:17:19 +0000 2018,0.179,0.699,0.122,@FoxNews,43
344,-0.6486,Mon Mar 26 23:09:14 +0000 2018,0.281,0.719,0.0,@FoxNews,44
345,-0.3612,Mon Mar 26 22:56:05 +0000 2018,0.161,0.839,0.0,@FoxNews,45
346,0.3818,Mon Mar 26 22:50:01 +0000 2018,0.0,0.843,0.157,@FoxNews,46
347,0.4939,Mon Mar 26 22:42:00 +0000 2018,0.0,0.849,0.151,@FoxNews,47
348,-0.4767,Mon Mar 26 22:34:00 +0000 2018,0.237,0.763,0.0,@FoxNews,48
349,0.0,Mon Mar 26 22:26:04 +0000 2018,0.0,1.0,0.0,@FoxNews,49
350,-0.4019,Mon Mar 26 22:11:00 +0000 2018,0.195,0.703,0.103,@FoxNews,50
351,-0.5267,Mon Mar 26 22:02:00 +0000 2018,0.195,0.805,0.0,@FoxNews,51
352,0.771,Mon Mar 26 22:00:01 +0000 2018,0.0,0.642,0.358,@FoxNews,52
353,-0.8442,Mon Mar 26 21:55:00 +0000 2018,0.406,0.531,0.063,@FoxNews,53
354,0.0,Mon Mar 26 21:53:20 +0000 2018,0.0,1.0,0.0,@FoxNews,54
355,0.4323,Mon Mar 26 21:52:45 +0000 2018,0.113,0.651,0.237,@FoxNews,55
356,-0.3818,Mon Mar 26 21:44:29 +0000 2018,0.14,0.86,0.0,@FoxNews,56
357,-0.6808,Mon Mar 26 21:31:45 +0000 2018,0.237,0.763,0.0,@FoxNews,57
358,-0.4939,Mon Mar 26 21:26:51 +0000 2018,0.198,0.802,0.0,@FoxNews,58
359,0.0,Mon Mar 26 21:18:00 +0000 2018,0.0,1.0,0.0,@FoxNews,59
360,0.2023,Mon Mar 26 23:47:52 +0000 2018,0.0,0.904,0.096,@FoxNews,60
361,-0.4019,Mon Mar 26 23:41:55 +0000 2018,0.119,0.881,0.0,@FoxNews,61
362,-0.5267,Mon Mar 26 23:24:30 +0000 2018,0.206,0.794,0.0,@FoxNews,62
363,-0.3182,Mon Mar 26 23:17:19 +0000 2018,0.179,0.699,0.122,@FoxNews,63
364,-0.6486,Mon Mar 26 23:09:14 +0000 2018,0.281,0.719,0.0,@FoxNews,64
365,-0.3612,Mon Mar 26 22:56:05 +0000 2018,0.161,0.839,0.0,@FoxNews,65
366,0.3818,Mon Mar 26 22:50:01 +0000 2018,0.0,0.843,0.157,@FoxNews,66
367,0.4939,Mon Mar 26 22:42:00 +0000 2018,0.0,0.849,0.151,@FoxNews,67
368,-0.4767,Mon Mar 26 22:34:00 +0000 2018,0.237,0.763,0.0,@FoxNews,68
369,0.0,Mon Mar 26 22:26:04 +0000 2018,0.0,1.0,0.0,@FoxNews,69
370,-0.4019,Mon Mar 26 22:11:00 +0000 2018,0.195,0.703,0.103,@FoxNews,70
371,-0.5267,Mon Mar 26 22:02:00 +0000 2018,0.195,0.805,0.0,@FoxNews,71
372,0.771,Mon Mar 26 22:00:01 +0000 2018,0.0,0.642,0.358,@FoxNews,72
373,-0.8442,Mon Mar 26 21:55:00 +0000 2018,0.406,0.531,0.063,@FoxNews,73
374,0.0,Mon Mar 26 21:53:20 +0000 2018,0.0,1.0,0.0,@FoxNews,74
375,0.4323,Mon Mar 26 21:52:45 +0000 2018,0.113,0.651,0.237,@FoxNews,75
376,-0.3818,Mon Mar 26 21:44:29 +0000 2018,0.14,0.86,0.0,@FoxNews,76
377,-0.6808,Mon Mar 26 21:31:45 +0000 2018,0.237,0.763,0.0,@FoxNews,77
378,-0.4939,Mon Mar 26 21:26:51 +0000 2018,0.198,0.802,0.0,@FoxNews,78
379,0.0,Mon Mar 26 21:18:00 +0000 2018,0.0,1.0,0.0,@FoxNews,79
380,0.2023,Mon Mar 26 23:47:52 +0000 2018,0.0,0.904,0.096,@FoxNews,80
381,-0.4019,Mon Mar 26 23:41:55 +0000 2018,0.119,0.881,0.0,@FoxNews,81
382,-0.5267,Mon Mar 26 23:24:30 +0000 2018,0.206,0.794,0.0,@FoxNews,82
383,-0.3182,Mon Mar 26 23:17:19 +0000 2018,0.179,0.699,0.122,@FoxNews,83
384,-0.6486,Mon Mar 26 23:09:14 +0000 2018,0.281,0.719,0.0,@FoxNews,84
385,-0.3612,Mon Mar 26 22:56:05 +0000 2018,0.161,0.839,0.0,@FoxNews,85
386,0.3818,Mon Mar 26 22:50:01 +0000 2018,0.0,0.843,0.157,@FoxNews,86
387,0.4939,Mon Mar 26 22:42:00 +0000 2018,0.0,0.849,0.151,@FoxNews,87
388,-0.4767,Mon Mar 26 22:34:00 +0000 2018,0.237,0.763,0.0,@FoxNews,88
389,0.0,Mon Mar 26 22:26:04 +0000 2018,0.0,1.0,0.0,@FoxNews,89
390,-0.4019,Mon Mar 26 22:11:00 +0000 2018,0.195,0.703,0.103,@FoxNews,90
391,-0.5267,Mon Mar 26 22:02:00 +0000 2018,0.195,0.805,0.0,@FoxNews,91
392,0.771,Mon Mar 26 22:00:01 +0000 2018,0.0,0.642,0.358,@FoxNews,92
393,-0.8442,Mon Mar 26 21:55:00 +0000 2018,0.406,0.531,0.063,@FoxNews,93
394,0.0,Mon Mar 26 21:53:20 +0000 2018,0.0,1.0,0.0,@FoxNews,94
395,0.4323,Mon Mar 26 21:52:45 +0000 2018,0.113,0.651,0.237,@FoxNews,95
396,-0.3818,Mon Mar 26 21:44:29 +0000 2018,0.14,0.86,0.0,@FoxNews,96
397,-0.6808,Mon Mar 26 21:31:45 +0000 2018,0.237,0.763,0.0,@FoxNews,97
398,-0.4939,Mon Mar 26 21:26:51 +0000 2018,0.198,0.802,0.0,@FoxNews,98
399,0.0,Mon Mar 26 21:18:00 +0000 2018,0.0,1.0,0.0,@FoxNews,99
400,0.5106,Mon Mar 26 23:47:06 +0000 2018,0.0,0.645,0.355,@nytimes,0
401,-0.8957,Mon Mar 26 23:32:04 +0000 2018,0.435,0.565,0.0,@nytimes,1
402,-0.5574,Mon Mar 26 23:17:04 +0000 2018,0.167,0.833,0.0,@nytimes,2
403,0.0,Mon Mar 26 23:02:04 +0000 2018,0.0,1.0,0.0,@nytimes,3
404,0.0,Mon Mar 26 22:45:06 +0000 2018,0.0,1.0,0.0,@nytimes,4
405,-0.1531,Mon Mar 26 22:32:03 +0000 2018,0.179,0.708,0.113,@nytimes,5
406,0.4939,Mon Mar 26 22:17:03 +0000 2018,0.0,0.814,0.186,@nytimes,6
407,0.6124,Mon Mar 26 21:47:02 +0000 2018,0.086,0.639,0.274,@nytimes,7
408,0.5859,Mon Mar 26 21:32:07 +0000 2018,0.0,0.789,0.211,@nytimes,8
409,-0.3818,Mon Mar 26 21:17:06 +0000 2018,0.126,0.874,0.0,@nytimes,9
410,0.0,Mon Mar 26 21:00:13 +0000 2018,0.0,1.0,0.0,@nytimes,10
411,-0.34,Mon Mar 26 20:50:05 +0000 2018,0.098,0.902,0.0,@nytimes,11
412,-0.8225,Mon Mar 26 20:41:03 +0000 2018,0.364,0.636,0.0,@nytimes,12
413,0.0,Mon Mar 26 20:30:05 +0000 2018,0.0,1.0,0.0,@nytimes,13
414,0.0,Mon Mar 26 20:20:05 +0000 2018,0.0,1.0,0.0,@nytimes,14
415,0.5267,Mon Mar 26 20:10:03 +0000 2018,0.0,0.793,0.207,@nytimes,15
416,0.0,Mon Mar 26 19:50:01 +0000 2018,0.0,1.0,0.0,@nytimes,16
417,0.5423,Mon Mar 26 19:40:04 +0000 2018,0.06,0.653,0.286,@nytimes,17
418,0.0,Mon Mar 26 19:30:05 +0000 2018,0.0,1.0,0.0,@nytimes,18
419,-0.5267,Mon Mar 26 19:20:01 +0000 2018,0.145,0.855,0.0,@nytimes,19
420,0.5106,Mon Mar 26 23:47:06 +0000 2018,0.0,0.645,0.355,@nytimes,20
421,-0.8957,Mon Mar 26 23:32:04 +0000 2018,0.435,0.565,0.0,@nytimes,21
422,-0.5574,Mon Mar 26 23:17:04 +0000 2018,0.167,0.833,0.0,@nytimes,22
423,0.0,Mon Mar 26 23:02:04 +0000 2018,0.0,1.0,0.0,@nytimes,23
424,0.0,Mon Mar 26 22:45:06 +0000 2018,0.0,1.0,0.0,@nytimes,24
425,-0.1531,Mon Mar 26 22:32:03 +0000 2018,0.179,0.708,0.113,@nytimes,25
426,0.4939,Mon Mar 26 22:17:03 +0000 2018,0.0,0.814,0.186,@nytimes,26
427,0.6124,Mon Mar 26 21:47:02 +0000 2018,0.086,0.639,0.274,@nytimes,27
428,0.5859,Mon Mar 26 21:32:07 +0000 2018,0.0,0.789,0.211,@nytimes,28
429,-0.3818,Mon Mar 26 21:17:06 +0000 2018,0.126,0.874,0.0,@nytimes,29
430,0.0,Mon Mar 26 21:00:13 +0000 2018,0.0,1.0,0.0,@nytimes,30
431,-0.34,Mon Mar 26 20:50:05 +0000 2018,0.098,0.902,0.0,@nytimes,31
432,-0.8225,Mon Mar 26 20:41:03 +0000 2018,0.364,0.636,0.0,@nytimes,32
433,0.0,Mon Mar 26 20:30:05 +0000 2018,0.0,1.0,0.0,@nytimes,33
434,0.0,Mon Mar 26 20:20:05 +0000 2018,0.0,1.0,0.0,@nytimes,34
435,0.5267,Mon Mar 26 20:10:03 +0000 2018,0.0,0.793,0.207,@nytimes,35
436,0.0,Mon Mar 26 19:50:01 +0000 2018,0.0,1.0,0.0,@nytimes,36
437,0.5423,Mon Mar 26 19:40:04 +0000 2018,0.06,0.653,0.286,@nytimes,37
438,0.0,Mon Mar 26 19:30:05 +0000 2018,0.0,1.0,0.0,@nytimes,38
439,-0.5267,Mon Mar 26 19:20:01 +0000 2018,0.145,0.855,0.0,@nytimes,39
440,0.5106,Mon Mar 26 23:47:06 +0000 2018,0.0,0.645,0.355,@nytimes,40
441,-0.8957,Mon Mar 26 23:32:04 +0000 2018,0.435,0.565,0.0,@nytimes,41
442,-0.5574,Mon Mar 26 23:17:04 +0000 2018,0.167,0.833,0.0,@nytimes,42
443,0.0,Mon Mar 26 23:02:04 +0000 2018,0.0,1.0,0.0,@nytimes,43
444,0.0,Mon Mar 26 22:45:06 +0000 2018,0.0,1.0,0.0,@nytimes,44
445,-0.1531,Mon Mar 26 22:32:03 +0000 2018,0.179,0.708,0.113,@nytimes,45
446,0.4939,Mon Mar 26 22:17:03 +0000 2018,0.0,0.814,0.186,@nytimes,46
447,0.6124,Mon Mar 26 21:47:02 +0000 2018,0.086,0.639,0.274,@nytimes,47
448,0.5859,Mon Mar 26 21:32:07 +0000 2018,0.0,0.789,0.211,@nytimes,48
449,-0.3818,Mon Mar 26 21:17:06 +0000 2018,0.126,0.874,0.0,@nytimes,49
450,0.0,Mon Mar 26 21:00:13 +0000 2018,0.0,1.0,0.0,@nytimes,50
451,-0.34,Mon Mar 26 20:50:05 +0000 2018,0.098,0.902,0.0,@nytimes,51
452,-0.8225,Mon Mar 26 20:41:03 +0000 2018,0.364,0.636,0.0,@nytimes,52
453,0.0,Mon Mar 26 20:30:05 +0000 2018,0.0,1.0,0.0,@nytimes,53
454,0.0,Mon Mar 26 20:20:05 +0000 2018,0.0,1.0,0.0,@nytimes,54
455,0.5267,Mon Mar 26 20:10:03 +0000 2018,0.0,0.793,0.207,@nytimes,55
456,0.0,Mon Mar 26 19:50:01 +0000 2018,0.0,1.0,0.0,@nytimes,56
457,0.5423,Mon Mar 26 19:40:04 +0000 2018,0.06,0.653,0.286,@nytimes,57
458,0.0,Mon Mar 26 19:30:05 +0000 2018,0.0,1.0,0.0,@nytimes,58
459,-0.5267,Mon Mar 26 19:20:01 +0000 2018,0.145,0.855,0.0,@nytimes,59
460,0.5106,Mon Mar 26 23:47:06 +0000 2018,0.0,0.645,0.355,@nytimes,60
461,-0.8957,Mon Mar 26 23:32:04 +0000 2018,0.435,0.565,0.0,@nytimes,61
462,-0.5574,Mon Mar 26 23:17:04 +0000 2018,0.167,0.833,0.0,@nytimes,62
463,0.0,Mon Mar 26 23:02:04 +0000 2018,0.0,1.0,0.0,@nytimes,63
464,0.0,Mon Mar 26 22:45:06 +0000 2018,0.0,1.0,0.0,@nytimes,64
465,-0.1531,Mon Mar 26 22:32:03 +0000 2018,0.179,0.708,0.113,@nytimes,65
466,0.4939,Mon Mar 26 22:17:03 +0000 2018,0.0,0.814,0.186,@nytimes,66
467,0.6124,Mon Mar 26 21:47:02 +0000 2018,0.086,0.639,0.274,@nytimes,67
468,0.5859,Mon Mar 26 21:32:07 +0000 2018,0.0,0.789,0.211,@nytimes,68
469,-0.3818,Mon Mar 26 21:17:06 +0000 2018,0.126,0.874,0.0,@nytimes,69
470,0.0,Mon Mar 26 21:00:13 +0000 2018,0.0,1.0,0.0,@nytimes,70
471,-0.34,Mon Mar 26 20:50:05 +0000 2018,0.098,0.902,0.0,@nytimes,71
472,-0.8225,Mon Mar 26 20:41:03 +0000 2018,0.364,0.636,0.0,@nytimes,72
473,0.0,Mon Mar 26 20:30:05 +0000 2018,0.0,1.0,0.0,@nytimes,73
474,0.0,Mon Mar 26 20:20:05 +0000 2018,0.0,1.0,0.0,@nytimes,74
475,0.5267,Mon Mar 26 20:10:03 +0000 2018,0.0,0.793,0.207,@nytimes,75
476,0.0,Mon Mar 26 19:50:01 +0000 2018,0.0,1.0,0.0,@nytimes,76
477,0.5423,Mon Mar 26 19:40:04 +0000 2018,0.06,0.653,0.286,@nytimes,77
478,0.0,Mon Mar 26 19:30:05 +0000 2018,0.0,1.0,0.0,@nytimes,78
479,-0.5267,Mon Mar 26 19:20:01 +0000 2018,0.145,0.855,0.0,@nytimes,79
480,0.5106,Mon Mar 26 23:47:06 +0000 2018,0.0,0.645,0.355,@nytimes,80
481,-0.8957,Mon Mar 26 23:32:04 +0000 2018,0.435,0.565,0.0,@nytimes,81
482,-0.5574,Mon Mar 26 23:17:04 +0000 2018,0.167,0.833,0.0,@nytimes,82
483,0.0,Mon Mar 26 23:02:04 +0000 2018,0.0,1.0,0.0,@nytimes,83
484,0.0,Mon Mar 26 22:45:06 +0000 2018,0.0,1.0,0.0,@nytimes,84
485,-0.1531,Mon Mar 26 22:32:03 +0000 2018,0.179,0.708,0.113,@nytimes,85
486,0.4939,Mon Mar 26 22:17:03 +0000 2018,0.0,0.814,0.186,@nytimes,86
487,0.6124,Mon Mar 26 21:47:02 +0000 2018,0.086,0.639,0.274,@nytimes,87
488,0.5859,Mon Mar 26 21:32:07 +0000 2018,0.0,0.789,0.211,@nytimes,88
489,-0.3818,Mon Mar 26 21:17:06 +0000 2018,0.126,0.874,0.0,@nytimes,89
490,0.0,Mon Mar 26 21:00:13 +0000 2018,0.0,1.0,0.0,@nytimes,90
491,-0.34,Mon Mar 26 20:50:05 +0000 2018,0.098,0.902,0.0,@nytimes,91
492,-0.8225,Mon Mar 26 20:41:03 +0000 2018,0.364,0.636,0.0,@nytimes,92
493,0.0,Mon Mar 26 20:30:05 +0000 2018,0.0,1.0,0.0,@nytimes,93
494,0.0,Mon Mar 26 20:20:05 +0000 2018,0.0,1.0,0.0,@nytimes,94
495,0.5267,Mon Mar 26 20:10:03 +0000 2018,0.0,0.793,0.207,@nytimes,95
496,0.0,Mon Mar 26 19:50:01 +0000 2018,0.0,1.0,0.0,@nytimes,96
497,0.5423,Mon Mar 26 19:40:04 +0000 2018,0.06,0.653,0.286,@nytimes,97
498,0.0,Mon Mar 26 19:30:05 +0000 2018,0.0,1.0,0.0,@nytimes,98
499,-0.5267,Mon Mar 26 19:20:01 +0000 2018,0.145,0.855,0.0,@nytimes,99
